verdetto;nome;citta;provincia;self;distanza_m;osm_id;osm_nome;app_feriali;osm_feriali;esito_feriali;app_sabato;osm_sabato;esito_sabato;app_domenica;osm_domenica;esito_domenica;osm_opening_hours;osm_check_date;lat;lng
diverso;CIMOIL02;ALESSANDRIA;AL;1;15;node/227770719;Cimoil;07:00-20:00;06:00-21:00;diverso;07:00-20:00;06:00-21:00;diverso;08:00-13:00;chiuso;app aperto, OSM chiuso;"PH 08:00-19:00; Mo-Sa 06:00-21:00";;44.900659;8.654644
diverso;SCUPPA ROBERTO;CASTELPLANIO;AN;;5;node/3150785132;Q8;06:00-21:00;08:00-20:00;diverso;06:00-21:00;08:00-20:00;diverso;08:00-12:00/15:00-19:00;chiuso;app aperto, OSM chiuso;Mo-Sa 08:00-20:00;;43.497104;13.104385
diverso;SAM METANO;MERGO;AN;;15;way/362777256;Sam Metano;06:00-20:00;06:00-20:00;uguale;06:00-20:00;06:00-20:00;uguale;07:00-12:30/14:30-19:30;08:00-12:30/14:30-19:30;diverso;"Mo-Sa 06:00-20:00; Su 08:00-12:30,14:30-19:30";;43.4593;13.0514
diverso;TAMOIL - SASSOFERRATO;SASSOFERRATO;AN;;3;node/227952845;Tamoil;07:00-20:00;07:00-12:30/15:00-19:00;diverso;07:00-20:00;07:00-12:30/15:00-19:00;diverso;07:00-12:30;07:00-12:30/15:00-19:00;diverso;07:00-12:30,15:00-19:00;;43.436132;12.873086
diverso;_SUDPETROLI1;SAN SALVATORE TELESINO;BN;;6;node/228109196;Sud Petroli Gambuti;07:30-21:00;08:00-21:00;scostamento <=30 min;06:00-21:00;08:00-21:00;diverso;07:00-13:00/14:30-19:30;08:00-21:00;diverso;Mo-Su 08:00-21:00;;41.225921;14.481858
diverso;IP VIA NUOVA BAZZANESE;BOLOGNA;BO;;1;node/226925846;IP;08:00-12:00/15:00-19:00;07:00-19:00;diverso;08:00-12:00/15:00-19:00;08:00-18:30;diverso;chiuso;chiuso;uguale;"Mo-Fr 07:00-19:00; Sa 08:00-18:30";;44.492256;11.262711
diverso;ITALMET s.r.l.;BOLOGNA;BO;;13;node/228039746;Metano;06:10-22:00;06:10-24:00;diverso;06:10-22:00;06:10-24:00;diverso;06:10-22:00;06:10-24:00;diverso;Mo-Su 06:10-00:45;;44.494664;11.400545
diverso;Metano Borgo Panigale;BOLOGNA;BO;;6;node/228039733;Bipiemme;06:00-20:00;06:00-21:50;diverso;06:00-20:00;06:00-21:50;diverso;chiuso;06:00-21:50;app chiuso, OSM aperto;Mo-Su 06:00-21:50;;44.525321;11.255246
diverso;Sprint Gas Stalingrado;BOLOGNA;BO;;52;way/1531470144;SprintGas;07:30-20:20;07:00-24:00;diverso;07:30-20:20;07:00-24:00;diverso;chiuso;07:00-24:00;app chiuso, OSM aperto;Mo-Su 07:00-24:00;;44.519825;11.362608
diverso;SASSOMET SRL;CASALECCHIO DI RENO;BO;;7;node/229139876;Metano;06:00-21:45;06:00-23:45;diverso;06:00-21:45;06:00-23:45;diverso;06:00-21:45;06:00-23:45;diverso;Mo-Su 06:00-23:45;;44.491776;11.255072
diverso;metanolapalazzina;MOLINELLA;BO;;0;node/5853345060;Metano per auto;06:30-20:00;06:30-12:00/16:00-19:00;diverso;06:30-20:00;06:30-12:00;diverso;07:00-13:00;chiuso;app aperto, OSM chiuso;"Mo-Fr 06:30-12:00, 16:00-19:00; Sa 06:30-12:00";;44.631428;11.671283
diverso;Vega Crespellano;VALSAMOGGIA;BO;;8;way/73423233;PB Metano;07:00-19:00;06:30-19:30;scostamento <=30 min;07:00-13:00;06:30-18:30;diverso;chiuso;chiuso;uguale;"Mo-Fr 06:30-19:30; Sa 06:30-18:30; Su off";;44.533321;11.182342
diverso;MENGA PETROLI;CELLINO SAN MARCO;BR;;16;way/333843681;Menga Petroli;07:00-19:30;08:30-20:00;diverso;07:00-19:30;08:30-20:00;diverso;08:30-12:30;08:00-12:00;scostamento <=30 min;"Mo-Sa 08:30-20:00; Su 08:00-12:00; PH off";;40.47867;17.98127
diverso;REICA SRL - Metano;SAN VITO DEI NORMANNI;BR;;3;node/4319285990;Metano;06:00-21:00;06:30-21:00;scostamento <=30 min;06:00-21:00;06:30-21:00;scostamento <=30 min;07:00-13:00;08:00-12:00/16:00-21:00;diverso;"Mo-Sa 06:30-21:00; Su 08:00-12:00,16:00-21:00";;40.637981;17.689729
diverso;Esso;BRESCIA;BS;;4;node/6654527711;Esso;07:00-20:00;07:00-19:30;scostamento <=30 min;07:00-20:00;07:00-19:30;scostamento <=30 min;08:00-13:00;07:00-19:30;diverso;"07:00-19:30; PH off";;45.505132;10.275528
diverso;Roncadelle Sud;RONCADELLE;BS;;7;node/228292614;Esso;07:30-19:00;06:30-18:50;diverso;07:30-14:00;07:30-11:50;diverso;chiuso;chiuso;uguale;"Mo-Fr 06:30-18:50; Sa 07:30-11:50";;45.537132;10.151906
diverso;Tamoil;NATURNO;BZ;;7;way/995631960;Tamoil;07:00-12:15/14:00-18:00;07:00-12:30/14:00-19:00;diverso;07:00-12:15;07:00-12:30/14:00-19:00;diverso;chiuso;chiuso;uguale;"Mo-Sa 07:00-12:30,14:00-19:00; PH,Su off";;46.662883;11.043266
diverso;New Energy Maddaloni;MADDALONI;CE;;2;node/5853343819;New Energy Maddaloni;05:00-22:00;06:00-21:00;diverso;05:00-22:00;06:00-21:00;diverso;05:00-22:00;07:00-13:00/15:00-21:00;diverso;"Mo-Sa 06:00-21:00; Su 07:00-13:00,15:00-21:00";;41.043152;14.397949
diverso;IperStation Stop & Go Grandate;GRANDATE;CO;1;24;way/1375178502;Iper Station;08:00-19:00;08:00-21:00;diverso;08:00-19:00;08:00-21:00;diverso;chiuso;chiuso;uguale;Mo-Sa 08:00-21:00;;45.770146;9.058767
diverso;METALUPIAE SRL;MURO LECCESE;LE;;20;way/837053247;Metalupiae;06:00-20:30;06:00-21:30;diverso;06:00-20:30;06:00-21:30;diverso;06:00-20:30;06:00-21:30;diverso;Mo-Su 06:00-21:30;;40.101148;18.315096
diverso;Erredue snc;GUARDAMIGLIO;LO;;7;node/3914851582;DKV;07:00-20:00;07:00-19:00;diverso;07:00-19:30;07:00-19:00;scostamento <=30 min;07:00-19:30;07:00-19:00;scostamento <=30 min;Mo-Su 07:00-19:00;;45.103816;9.684528
diverso;S.I.M. srl;MASSAROSA;LU;;13;node/227945784;Metano Sprint;07:00-24:00;07:00-24:00;uguale;07:00-24:00;07:00-24:00;uguale;07:00-24:00;08:00-12:45/15:00-24:00;diverso;"Mo-Sa 07:00-24:00; Su 08:00-12:45,15:00-24:00; PH 08:00-12:45,15:00-24:00";;43.879688;10.291568
diverso;METANO AUTO DESIO SRL;DESIO;MB;1;132;node/228274182;Q8 easy;07:00-13:00;07:00-12:30/14:00-19:30;diverso;07:00-13:00;08:00-12:30/14:30-18:30;diverso;chiuso;chiuso;uguale;"Mo-Fr 07:00-12:30,14:00-19:30; Sa 08:00-12:30,14:30-18:30; PH off";;45.600796;9.201271
diverso;CORRADINI NELLO E C. SNC;CORRIDONIA;MC;;38;way/113743551;IP;06:30-13:00/16:00-20:00;06:30-20:00;diverso;06:30-13:00/16:00-20:00;06:30-20:00;diverso;06:30-12:30;06:30-20:00;diverso;Mo-Su 06:30-20:00;;43.255294;13.485305
diverso;SFORZACOSTA;MACERATA;MC;;23;node/13266513140;Q8;07:00-20:00;07:30-20:00;scostamento <=30 min;07:00-12:00;07:30-13:30;diverso;chiuso;chiuso;uguale;"Mo-Fr 07:30-20:00; Sa 07:30-13:30";;43.262965;13.443261
diverso;SUPER GAS SRL;MODENA;MO;;19;node/14045824930;Metano Auto;07:00-20:00;07:00-21:00;diverso;07:00-20:00;07:00-20:00;uguale;07:00-12:50;07:00-13:00;scostamento <=30 min;"Mo-Fr 07:00-21:00; Sa 07:00-20:00; Su 07:00-13:00";;44.62083;10.953305
diverso;ME-TRA spa;SASSUOLO;MO;;18;way/143871270;Metano per auto e benzine;07:00-21:00;07:30-20:30;scostamento <=30 min;07:00-21:00;07:30-20:30;scostamento <=30 min;08:00-13:00/15:00-20:00;13:30-20:30;diverso;"Mo-Sa 07:30-20:30; Su 13:30-20:30";;44.585037;10.789779
diverso;COSTANTIN VILLANOVA - METANO;VILLANOVA DI CAMPOSAMPIERO;PD;;31;node/2750283072;Costantin;07:30-12:30/15:00-19:30;07:00-12:30/14:30-19:00;scostamento <=30 min;07:30-12:30/15:00-19:30;07:00-12:30;diverso;08:30-12:30;chiuso;app aperto, OSM chiuso;"Mo-Fr 07:00-12:30,14:30-19:00; Sa 07:00-12:30";;45.488866;11.97786
diverso;DAM CARBURANTI;CEPAGATTI;PE;;4;node/13047676993;DAM Carburanti;06:30-21:00;08:00-13:00/15:00-18:00;diverso;06:30-21:00;08:00-13:00/15:00-18:00;diverso;08:00-13:00/15:00-18:00;08:00-13:00/15:00-18:00;uguale;08:00-13:00,15:00-18:00;2021-03-25;42.339592;14.116643
diverso;PERUGIA CENTOVA 2;PERUGIA;PG;1;71;node/228083877;Metano Sensi;06:00-20:30;06:00-20:30;uguale;06:00-20:30;06:00-20:30;uguale;06:00-13:00;07:00-13:00;diverso;"Mo-Sa 06:00-20:30; Su 07:00-13:00";;43.092777;12.357953
diverso;PISA CARBURANTI OSPEDALETTO;PISA;PI;;7;node/2400594728;Pisa Carburanti;06:00-20:00;07:00-19:30;diverso;06:00-20:00;07:00-19:30;diverso;07:00-12:30;08:00-13:00;diverso;"Mo-Sa 07:00-19:30; Su 08:00-13:00";;43.675386;10.430293
diverso;ENERGYCA SACILE;SACILE;PN;;21;node/4746989817;Energyca;08:00-13:00/15:00-19:30;09:00-13:00/15:00-19:30;diverso;08:00-13:00/15:00-19:30;09:00-13:00/15:00-19:30;diverso;09:00-13:00;09:00-13:00/15:00-19:30;diverso;Mo-Su 09:00-13:00, 15:00-19:30;;45.943733;12.46252
diverso;STAZIONE FOSSOMBRONE;FOSSOMBRONE;PU;;8;node/2853612774;Metano;07:00-20:00;07:00-20:00;uguale;07:00-20:00;07:00-20:00;uguale;08:00-12:00;07:00-12:00;diverso;"Mo-Sa 07:00-20:00; Su 07:00-12:00";;43.688423;12.830117
diverso;RAVENNA ENILIVE STATION;RAVENNA;RA;;13;node/5045061781;Eni;06:00-19:30;06:00-19:30;uguale;07:00-19:00;06:00-19:30;diverso;07:00-19:00;chiuso;app aperto, OSM chiuso;Mo-Sa 06:00-19:30;2026-06-02;44.407305;12.175359
diverso;SAVIO ENILIVE STATION;RAVENNA;RA;;20;node/227908029;Repsol;07:00-13:00/15:00-19:00;06:30-19:30;diverso;07:00-13:00/15:00-19:00;06:30-19:30;diverso;chiuso;chiuso;uguale;Mo-Sa 06:30-19:30;;44.309727;12.285044
diverso;Metanauto S.r.l.;REGGIO NELL'EMILIA;RE;;5;node/227787777;Metano;07:00-22:00;07:00-21:00;diverso;07:00-22:00;07:00-21:00;diverso;07:00-20:30;07:00-21:00;scostamento <=30 min;07:00-21:00;;44.710404;10.597647
diverso;BLANCO PETROLI - MODICA SS 194 KM 102+080;MODICA;RG;1;42;node/6813459491;BP;06:00-24:00;06:00-22:00;diverso;06:00-24:00;06:00-22:00;diverso;06:00-24:00;07:00-22:00;diverso;"Mo-Sa,PH 06:00-22:00; Su 07:00-22:00";;36.807033;14.779234
diverso;Keropetrol RImini;RIMINI;RN;1;19;node/5045028493;Energy Rete;07:30-12:30/14:30-19:30;07:00-20:00;diverso;07:30-12:30/14:30-19:30;07:00-20:00;diverso;chiuso;07:00-12:30/15:00-19:30;app chiuso, OSM aperto;"Mo-Sa 07:00-20:00; Su 07:00-12:30,15:00-19:30";;44.039049;12.592739
diverso;TROMBETTA SAS DI TROMBETTA MILCO E TROMBETTA LAURA & C.;BOSARO;RO;;7;node/228102079;Metano;07:00-21:00;07:00-19:30;diverso;07:00-21:00;07:00-19:30;diverso;07:00-12:30/14:00-20:00;chiuso;app aperto, OSM chiuso;"Mo-Sa 07:00-19:30; PH off";;44.984258;11.760352
diverso;(1)PREALPINA DISTRIBUZIONE CARBURANTI SRL - CASORATE SEMPIONE;CASORATE SEMPIONE;VA;;7;way/236961490;Prealpina Carburanti;07:00-12:15/14:00-19:00;07:30-12:20/14:30-18:40;scostamento <=30 min;07:00-12:15;07:30-12:20/14:30-18:40;diverso;chiuso;chiuso;uguale;Mo-Sa 07:30-12:20, 14:30-18:40;2026-04-14;45.665202;8.749527
diverso;Metanauto Garda Sud S.r.l.;CAVAION VERONESE;VR;;8;node/228072207;Agip metano;08:00-12:30/15:00-19:00;07:00-20:00;diverso;08:00-12:30/15:00-19:00;07:00-20:00;diverso;08:00-12:30/15:00-19:00;chiuso;app aperto, OSM chiuso;"PH 08:00-12:30,15:00-19:00; Mo-Sa 07:00-20:00";;45.543865;10.802103
diverso;VERONA;VERONA;VR;;187;node/228109189;Metanauto Bassone;07:00-19:30;07:00-20:00;scostamento <=30 min;07:30-19:00;07:00-20:00;diverso;08:00-12:00;07:00-20:00;diverso;Mo-Su 07:00-20:00;;45.446303;10.895779
diverso;ENI SPA;ZEVIO;VR;;3;node/5042150355;Eni;07:30-12:30/14:30-19:00;07:30-19:00;diverso;07:30-12:15;07:30-19:00;diverso;chiuso;chiuso;uguale;Mo-Sa 07:30-19:00;;45.369698;11.049117
app aperto, OSM chiuso;Enercoop Castel Maggiore;CASTEL MAGGIORE;BO;;5;node/7801909357;Metano;07:00-19:30;07:00-20:00;scostamento <=30 min;07:00-19:30;07:00-20:00;scostamento <=30 min;09:00-13:00/15:00-18:30;chiuso;app aperto, OSM chiuso;"Mo-Sa 07:00-20:00; PH 09:00-13:00,15:00-19:30";;44.566177;11.35494
app aperto, OSM chiuso;natali- castenaso;CASTENASO;BO;1;2;node/7801915072;Metano;05:00-20:00;05:00-20:00;uguale;05:00-20:00;05:00-20:00;uguale;08:00-13:00/14:00-20:00;chiuso;app aperto, OSM chiuso;"Mo-Sa 05:00-20:00; PH 08:00-13:00,14:00-20:00";;44.522229;11.42644
app aperto, OSM chiuso;cm di curri alberto e c. snc;FERRARA;FE;;10;node/2032250210;metano;07:00-19:30;07:00-20:00;scostamento <=30 min;07:00-19:30;07:00-20:00;scostamento <=30 min;07:00-19:30;chiuso;app aperto, OSM chiuso;"Mo-Fr 07:00-20:00; Sa 07:00-20:00";;44.812276;11.632346
app aperto, OSM chiuso;Distributore carburanti Lucca;LUCCA;LU;;14;node/5853344618;Metano;07:00-21:00;07:00-21:00;uguale;07:00-21:00;07:00-21:00;uguale;07:30-12:45/14:30-21:00;chiuso;app aperto, OSM chiuso;"Mo-Sa 07:00-21:00; PH 07:30-12:45,14:30-21:00";;43.848463;10.466395
app aperto, OSM chiuso;MASSAROSA;MASSAROSA;LU;;5;node/227849114;Tamoil;07:30-12:30/15:00-19:00;07:30-12:30/15:00-19:00;uguale;07:30-12:30/15:00-19:00;07:30-12:30/15:00-19:00;uguale;08:30-12:00;chiuso;app aperto, OSM chiuso;"Mo-Sa 07:30-12:30,15:00-19:00; PH 08:30-12:00";;43.87387;10.331478
app aperto, OSM chiuso;ENI SAN DONATO METANO;SAN DONATO MILANESE;MI;1;81;node/228091314;Eni;07:00-19:15;chiuso;app aperto, OSM chiuso;07:30-17:30;chiuso;app aperto, OSM chiuso;chiuso;chiuso;uguale;closed;;45.421341;9.257046
app aperto, OSM chiuso;COLLE VAL D'ELSA;COLLE DI VAL D'ELSA;SI;;12;way/1290111089;Colmetano;07:30-13:00/14:30-20:00;07:30-13:00/14:30-20:00;uguale;07:30-13:00/14:30-20:00;07:30-13:00/14:30-20:00;uguale;07:30-12:20/15:00-20:00;chiuso;app aperto, OSM chiuso;"Mo-Sa 07:30-13:00, 14:30-20:00; PH 07:30-12:30, 15:00-20:00";;43.434887;11.142457
app chiuso, OSM aperto;SHELL  IT 1041;BOLZANO;BZ;1;15;node/221915626;Shell;06:00-20:00;06:00-20:00;uguale;06:00-20:00;06:00-20:00;uguale;chiuso;06:00-20:00;app chiuso, OSM aperto;Mo-Su 06:00-20:00;;46.471597;11.316781
app chiuso, OSM aperto;Torregas Srl - Gallicano;GALLICANO;LU;;3;node/6045998668;Api-Ip;07:00-12:00/14:30-19:00;07:00-12:00/14:30-19:00;uguale;08:00-12:00;08:00-12:30;scostamento <=30 min;chiuso;09:00-12:00;app chiuso, OSM aperto;"Mo-Fr 07:00-12:00,14:30-19:00; Sa 08:00-12:30; Su 09:00-12:00";;44.049236;10.455308
app chiuso, OSM aperto;Green Fuel Company S.p.A. - Novara;NOVARA;NO;;6;way/1303081791;Green Fuel Company;07:00-19:30;07:00-20:00;scostamento <=30 min;07:00-19:30;07:00-20:00;scostamento <=30 min;chiuso;08:00-13:00;app chiuso, OSM aperto;"Mo-Sa 07:00-20:00; Su 08:00-13:00";;45.429152;8.603957
app chiuso, OSM aperto;VIGEVANO PETROLI;VIGEVANO;PV;;11;node/6028039775;Vigevano Carburanti;07:00-19:30;07:00-20:00;scostamento <=30 min;07:00-19:30;07:00-20:00;scostamento <=30 min;chiuso;08:00-13:00/16:00-20:00;app chiuso, OSM aperto;"Mo-Sa 07:00-20:00; Su 08:00-13:00, 16:00-20:00";;45.301039;8.874183
app chiuso, OSM aperto;Enercoop Conegliano;CONEGLIANO;TV;;9;way/769148183;Enercoop;07:30-20:00;07:30-20:00;uguale;07:30-20:00;07:30-20:00;uguale;chiuso;09:00-13:00;app chiuso, OSM aperto;"Mo-Sa 07:30-20:00; Su 09:00-13:00";;45.876318;12.313257
app 24h, OSM limitata;PERETOLA NORD;FIRENZE;FI;;12;node/227991404;Eni;24h;06:00-22:00;app 24h, OSM limitata;24h;06:00-22:00;app 24h, OSM limitata;24h;06:00-22:00;app 24h, OSM limitata;Mo-Su 06:00-22:00;;43.819695;11.173162
app 24h, OSM limitata;PERETOLA SUD;SESTO FIORENTINO;FI;;10;node/227991595;Eni;24h;06:00-22:00;app 24h, OSM limitata;24h;06:00-22:00;app 24h, OSM limitata;24h;06:00-22:00;app 24h, OSM limitata;Mo-Su 06:00-22:00;;43.81833;11.172903
OSM 24h, app limitata;STAZIONE DI SERVIZIO IP PADIGLIONE;OSIMO;AN;1;8;node/5018274641;IP;07:00-19:00;24h;OSM 24h, app limitata;07:00-19:00;24h;OSM 24h, app limitata;07:00-12:30/15:00-19:00;24h;OSM 24h, app limitata;24/7;;43.463439;13.456326
OSM 24h, app limitata;Area di servizio Pradellona;SANTA MARIA NUOVA;AN;;22;node/5017083215;Repsol;06:00-20:00;24h;OSM 24h, app limitata;06:00-20:00;24h;OSM 24h, app limitata;07:30-12:30;24h;OSM 24h, app limitata;24/7;;43.471221;13.314338
OSM 24h, app limitata;VULCAN SENIGALLIA;SENIGALLIA;AN;;16;node/5396430594;Vulcan Senigallia;08:30-21:00;24h;OSM 24h, app limitata;08:30-21:00;24h;OSM 24h, app limitata;08:30-21:00;24h;OSM 24h, app limitata;24/7;;43.745039;13.175209
OSM 24h, app limitata;MS Carburanti;GROTTAMMARE;AP;;5;node/2868320214;MS Carburanti;07:00-20:00;24h;OSM 24h, app limitata;07:00-20:00;24h;OSM 24h, app limitata;07:30-12:30/15:30-19:30;24h;OSM 24h, app limitata;24/7;;42.982146;13.836439
OSM 24h, app limitata;L'Aquila - Tagliacozzo;TAGLIACOZZO;AQ;;6;node/2202391772;Beyfin;07:00-13:00/15:00-19:00;24h;OSM 24h, app limitata;07:00-13:00;24h;OSM 24h, app limitata;chiuso;24h;OSM 24h, app limitata;24/7;;42.052897;13.302485
OSM 24h, app limitata;Piccini Energy - Foiano della Chiana;FOIANO DELLA CHIANA;AR;1;49;node/8904769737;Piccinifuels;07:30-12:30/15:00-20:00;24h;OSM 24h, app limitata;07:30-12:30;24h;OSM 24h, app limitata;chiuso;24h;OSM 24h, app limitata;24/7;;43.242319;11.827706
OSM 24h, app limitata;PicciniFuels - Dir. Arezzo;SANSEPOLCRO;AR;1;47;way/998450992;Piccini Carburanti;06:30-19:30;24h;OSM 24h, app limitata;06:30-19:30;24h;OSM 24h, app limitata;06:30-19:30;24h;OSM 24h, app limitata;24/7;;43.566463;12.121032
OSM 24h, app limitata;PicciniFuels - Dir. Sansepolcro;SANSEPOLCRO;AR;;6;way/998450992;Piccini Carburanti;07:00-12:30/15:00-19:00;24h;OSM 24h, app limitata;07:30-12:30;24h;OSM 24h, app limitata;chiuso;24h;OSM 24h, app limitata;24/7;;43.566424;12.121668
OSM 24h, app limitata;7383;CASTELLO DI ANNONE;AT;;7;node/227650700;Tamoil;07:30-18:30;24h;OSM 24h, app limitata;07:30-12:30;24h;OSM 24h, app limitata;chiuso;24h;OSM 24h, app limitata;24/7;;44.877909;8.32172
OSM 24h, app limitata;ALBERGO PETROLI;BARI;BA;;4;way/1358533670;Albergo Petroli;06:00-21:30;24h;OSM 24h, app limitata;06:00-21:30;24h;OSM 24h, app limitata;06:00-14:00;24h;OSM 24h, app limitata;24/7;;41.102404;16.925234
OSM 24h, app limitata;DI 07;BARI;BA;;195;way/1434030486;Dill's;06:00-21:00;24h;OSM 24h, app limitata;06:00-21:00;24h;OSM 24h, app limitata;06:00-13:00;24h;OSM 24h, app limitata;24/7;;41.088997;16.865392
OSM 24h, app limitata;DI 10;BARI;BA;;123;way/1207817710;Gas-E;07:30-12:30/15:00-18:45;24h;OSM 24h, app limitata;07:30-12:30;24h;OSM 24h, app limitata;chiuso;24h;OSM 24h, app limitata;24/7;;41.113891;16.848741
OSM 24h, app limitata;M&M power s.r.l.;BARI;BA;;3;node/344978805;Metan Air;07:00-21:00;24h;OSM 24h, app limitata;07:00-21:00;24h;OSM 24h, app limitata;07:00-14:00;24h;OSM 24h, app limitata;24/7;;41.097243;16.938123
OSM 24h, app limitata;DI 25;GIOIA DEL COLLE;BA;;2;node/4329175090;Dill's;06:30-19:30;24h;OSM 24h, app limitata;06:30-19:30;24h;OSM 24h, app limitata;chiuso;24h;OSM 24h, app limitata;24/7;;40.807928;16.941693
OSM 24h, app limitata;SOGEDI SRL PUNTO VENDITA ENI 9151;MONOPOLI;BA;;6;node/3678828764;Eni;06:00-21:00;24h;OSM 24h, app limitata;06:00-21:00;24h;OSM 24h, app limitata;06:00-21:00;24h;OSM 24h, app limitata;24/7;;40.960016;17.281528
OSM 24h, app limitata;Mpm Service Srl;BRIGNANO GERA D'ADDA;BG;;1;node/5853343038;MPM;07:00-12:00/14:00-18:30;24h;OSM 24h, app limitata;07:00-12:00/14:00-18:00;24h;OSM 24h, app limitata;chiuso;24h;OSM 24h, app limitata;24/7;;45.540424;9.639634
OSM 24h, app limitata;ENI 01637;CURNO;BG;;3;node/227001340;Eni;06:00-19:25;24h;OSM 24h, app limitata;06:00-12:25;24h;OSM 24h, app limitata;07:00-12:25;24h;OSM 24h, app limitata;24/7;;45.679567;9.613474
OSM 24h, app limitata;OIL ITALIA LONGARONE;LONGARONE;BL;1;27;node/10676065915;Azzalini Energie;chiuso;24h;OSM 24h, app limitata;chiuso;24h;OSM 24h, app limitata;chiuso;24h;OSM 24h, app limitata;24/7;;46.227427;12.28868
OSM 24h, app limitata;CONAD;BOLOGNA;BO;1;16;way/1457833986;Conad;07:00-20:00;24h;OSM 24h, app limitata;07:00-20:00;24h;OSM 24h, app limitata;07:00-20:00;24h;OSM 24h, app limitata;24/7;;44.498137;11.392694
OSM 24h, app limitata;natali sabbiuno;CASTEL MAGGIORE;BO;1;3;node/5339394638;Metano;07:00-20:00;24h;OSM 24h, app limitata;07:00-20:00;24h;OSM 24h, app limitata;08:00-19:00;24h;OSM 24h, app limitata;24/7;;44.567781;11.392959
OSM 24h, app limitata;Coop Molinella Reno Energia;MOLINELLA;BO;;20;way/769154918;Enercoop;07:00-19:30;24h;OSM 24h, app limitata;07:00-19:30;24h;OSM 24h, app limitata;08:30-12:30;24h;OSM 24h, app limitata;24/7;;44.615982;11.659898
OSM 24h, app limitata;COOP San Giorgio di Piano RENO ENERGIA;SAN GIORGIO DI PIANO;BO;;68;node/599305480;Enercoop;07:00-19:30;24h;OSM 24h, app limitata;07:00-19:30;24h;OSM 24h, app limitata;chiuso;24h;OSM 24h, app limitata;24/7;;44.63289;11.37064
OSM 24h, app limitata;Bologna - San Giovanni in Persiceto;SAN GIOVANNI IN PERSICETO;BO;;1;way/1254935610;Beyfin;06:30-19:30;24h;OSM 24h, app limitata;06:30-19:30;24h;OSM 24h, app limitata;chiuso;24h;OSM 24h, app limitata;24/7;;44.657241;11.178965
OSM 24h, app limitata;eni;MONTICHIARI;BS;;4;node/4692066992;Agip Eni;07:00-12:30/14:30-19:30;24h;OSM 24h, app limitata;07:00-12:30/14:30-19:30;24h;OSM 24h, app limitata;chiuso;24h;OSM 24h, app limitata;24/7;;45.405083;10.426904
OSM 24h, app limitata;PETROL VENETA SAN FERDINANDO;SAN FERDINANDO DI PUGLIA;BT;;4;node/694389506;;06:00-21:00;24h;OSM 24h, app limitata;06:00-21:00;24h;OSM 24h, app limitata;06:00-21:00;24h;OSM 24h, app limitata;24/7;;41.311831;16.084226
OSM 24h, app limitata;PORTOBELLO AREA DI SERVIZIO;CASALBORDINO;CH;;8;node/13048360491;Portobello;06:00-22:00;24h;OSM 24h, app limitata;06:00-22:00;24h;OSM 24h, app limitata;06:00-22:00;24h;OSM 24h, app limitata;24/7;;42.170705;14.63908
OSM 24h, app limitata;PORTOBELLO;CHIETI;CH;;16;node/11951721477;Portobello;06:00-22:00;24h;OSM 24h, app limitata;06:00-22:00;24h;OSM 24h, app limitata;06:00-22:00;24h;OSM 24h, app limitata;24/7;2020-10-31;42.328544;14.107226
OSM 24h, app limitata;OK ORTONA;ORTONA;CH;;25;node/12100668231;Ok Energie;06:00-21:00;24h;OSM 24h, app limitata;07:00-19:30;24h;OSM 24h, app limitata;chiuso;24h;OSM 24h, app limitata;24/7;;42.343157;14.376515
OSM 24h, app limitata;MELFA'S;GELA;CL;;7;node/10776310841;Melfa's;04:30-13:00;24h;OSM 24h, app limitata;04:30-19:30;24h;OSM 24h, app limitata;07:00-19:30;24h;OSM 24h, app limitata;24/7;;37.062365;14.273747
OSM 24h, app limitata;GReen;SESTO ED UNITI;CR;;2;way/1329827076;GReen;07:00-13:00/14:00-19:00;24h;OSM 24h, app limitata;07:00-13:00;24h;OSM 24h, app limitata;chiuso;24h;OSM 24h, app limitata;24/7;;45.153359;9.945666
OSM 24h, app limitata;CHIARAL S.R.L.;CATANIA;CT;;6;node/368366380;IP;06:00-22:00;24h;OSM 24h, app limitata;06:00-22:00;24h;OSM 24h, app limitata;06:00-22:00;24h;OSM 24h, app limitata;24/7;;37.470758;15.075754
OSM 24h, app limitata;BERTI & RUFFILLI SNC DI BERTI VANNI & CORZANI MONICA;FORLÌ;FC;;8;node/227826944;Eni;07:00-20:00;24h;OSM 24h, app limitata;07:00-20:00;24h;OSM 24h, app limitata;07:30-12:30/15:00-20:00;24h;OSM 24h, app limitata;24/7;;44.197632;12.098678
OSM 24h, app limitata;savignano;SAVIGNANO SUL RUBICONE;FC;;4;node/3741801230;Tamoil;06:00-20:00;24h;OSM 24h, app limitata;06:00-20:00;24h;OSM 24h, app limitata;chiuso;24h;OSM 24h, app limitata;24/7;;44.091694;12.375348
OSM 24h, app limitata;Reno Gas Energy srl;BONDENO;FE;;10;node/227647748;Reno Gas Energy;07:00-13:00/14:30-19:30;24h;OSM 24h, app limitata;07:00-13:00/14:30-19:30;24h;OSM 24h, app limitata;chiuso;24h;OSM 24h, app limitata;24/7;;44.900427;11.404742
OSM 24h, app limitata;IP;COMACCHIO;FE;;8;node/274820992;IP;07:00-12:30/14:30-19:00;24h;OSM 24h, app limitata;08:00-12:30/14:30-19:00;24h;OSM 24h, app limitata;08:30-12:00;24h;OSM 24h, app limitata;24/7;;44.787744;12.181971
OSM 24h, app limitata;PETROL VENETA MANFREDONIA;MANFREDONIA;FG;;16;node/390068862;Petrol Veneta S R.L.;05:00-21:00;24h;OSM 24h, app limitata;05:00-21:00;24h;OSM 24h, app limitata;05:00-21:00;24h;OSM 24h, app limitata;24/7;;41.597888;15.84882
OSM 24h, app limitata;34723 FIRENZE;FIRENZE;FI;;15;node/227943807;Eni;07:00-12:30/15:00-19:00;24h;OSM 24h, app limitata;07:00-12:30;24h;OSM 24h, app limitata;chiuso;24h;OSM 24h, app limitata;24/7;;43.764874;11.206151
OSM 24h, app limitata;Firenze - Viale XI Agosto;FIRENZE;FI;;13;node/7239554390;Beyfin;06:30-21:30;24h;OSM 24h, app limitata;06:30-21:30;24h;OSM 24h, app limitata;06:30-21:30;24h;OSM 24h, app limitata;24/7;;43.804466;11.215471
OSM 24h, app limitata;M&Z snc di Marucelli Franca e Zanieri Jacopo;FIRENZE;FI;;6;node/229119334;Aquila;08:00-12:30/15:00-19:00;24h;OSM 24h, app limitata;08:30-12:30;24h;OSM 24h, app limitata;chiuso;24h;OSM 24h, app limitata;Mo-Su,PH 00:00-00:00;;43.800472;11.277049
OSM 24h, app limitata;Stazione di servizio IP Fermo - C.da Mossa;FERMO;FM;1;0;node/5851834029;Api-Ip;07:00-20:00;24h;OSM 24h, app limitata;07:00-20:00;24h;OSM 24h, app limitata;chiuso;24h;OSM 24h, app limitata;24/7;;43.172958;13.743078
OSM 24h, app limitata;PAN PETROLI;PORTO SANT'ELPIDIO;FM;;6;node/2668627321;Shell;06:00-20:30;24h;OSM 24h, app limitata;06:00-20:30;24h;OSM 24h, app limitata;07:00-12:30;24h;OSM 24h, app limitata;24/7;;43.236747;13.769978
OSM 24h, app limitata;PORTO SANT'ELPIDIO VIA FRATTE 22;PORTO SANT'ELPIDIO;FM;;28;node/2868839368;Q8 Easy;06:30-20:30;24h;OSM 24h, app limitata;06:30-20:30;24h;OSM 24h, app limitata;06:30-20:30;24h;OSM 24h, app limitata;24/7;;43.289525;13.734187
OSM 24h, app limitata;CONAD SUPERMERCATO GROSSETO;GROSSETO;GR;;29;way/940919524;Conad;07:30-19:30;24h;OSM 24h, app limitata;07:30-19:30;24h;OSM 24h, app limitata;07:30-19:30;24h;OSM 24h, app limitata;24/7;;42.762372;11.132437
OSM 24h, app limitata;Pv 54151;IMPERIA;IM;;3;way/200500939;Eni;08:00-12:30/14:30-19:00;24h;OSM 24h, app limitata;08:00-12:30/14:30-19:00;24h;OSM 24h, app limitata;chiuso;24h;OSM 24h, app limitata;24/7;;43.921184;8.024941
OSM 24h, app limitata;5098 CASTAGNETO CARDUCCI;CASTAGNETO CARDUCCI;LI;;12;node/228013507;Eni;07:00-19:00;24h;OSM 24h, app limitata;07:00-19:00;24h;OSM 24h, app limitata;chiuso;24h;OSM 24h, app limitata;24/7;;43.122055;10.545606
OSM 24h, app limitata;iPlanet;LATINA;LT;;143;way/1075775957;IP;06:30-19:00;24h;OSM 24h, app limitata;06:30-19:00;24h;OSM 24h, app limitata;chiuso;24h;OSM 24h, app limitata;24/7;;41.44169;12.884378
OSM 24h, app limitata;SERI SRL;COLMURANO;MC;;1;node/2217485044;Seri Carburanti;07:00-20:30;24h;OSM 24h, app limitata;07:00-20:30;24h;OSM 24h, app limitata;07:00-20:30;24h;OSM 24h, app limitata;24/7;;43.176008;13.375979
OSM 24h, app limitata;VILLORESI OVEST;LAINATE;MI;;15;node/3866940688;Esso Villoresi Ovest;06:00-22:00;24h;OSM 24h, app limitata;06:00-22:00;24h;OSM 24h, app limitata;06:00-22:00;24h;OSM 24h, app limitata;24/7;;45.558349;9.040144
OSM 24h, app limitata;X3CNG ITALIA SRL - AMORETTI;MILANO;MI;1;20;node/7964749719;X3Energy;07:30-13:00/15:00-19:00;24h;OSM 24h, app limitata;07:30-13:00/15:00-19:00;24h;OSM 24h, app limitata;08:30-12:30;24h;OSM 24h, app limitata;24/7;;45.521043;9.148189
OSM 24h, app limitata;ip;CURTATONE;MN;;30;way/1281248564;IP;07:30-19:30;24h;OSM 24h, app limitata;07:30-12:30;24h;OSM 24h, app limitata;chiuso;24h;OSM 24h, app limitata;24/7;;45.153156;10.719638
OSM 24h, app limitata;KEROPETROL POGGIO RUSCO;POGGIO RUSCO;MN;;14;node/5851831923;Keropetrol;07:30-12:30/14:00-19:00;24h;OSM 24h, app limitata;07:30-12:30/14:00-19:00;24h;OSM 24h, app limitata;chiuso;24h;OSM 24h, app limitata;24/7;;44.967114;11.106119
OSM 24h, app limitata;KEROPETROL SPA RONCOFERRARO;RONCOFERRARO;MN;;17;way/436661581;Indipendente;07:00-19:30;24h;OSM 24h, app limitata;07:00-19:30;24h;OSM 24h, app limitata;07:00-12:30;24h;OSM 24h, app limitata;Mo-Su,PH 00:00-00:00;;45.15226;10.91569
OSM 24h, app limitata;OG Clean Fuels NOVARA;NOVARA;NO;1;7;way/915382206;;chiuso;24h;OSM 24h, app limitata;chiuso;24h;OSM 24h, app limitata;chiuso;24h;OSM 24h, app limitata;24/7;;45.454215;8.648874
OSM 24h, app limitata;Stazione di Servizio Q8 CARUSO PETROLI s.r.l.;CAPACI;PA;;0;node/5851832241;Eni;07:00-20:00;24h;OSM 24h, app limitata;07:00-20:00;24h;OSM 24h, app limitata;07:00-12:30/15:30-20:00;24h;OSM 24h, app limitata;24/7;;38.181008;13.24652
OSM 24h, app limitata;culotta mario;CEFALÙ;PA;;2;node/2093508620;Eni;07:00-12:30/15:30-19:00;24h;OSM 24h, app limitata;07:00-12:30/15:30-19:00;24h;OSM 24h, app limitata;07:00-12:30/15:30-19:00;24h;OSM 24h, app limitata;24/7;;38.03061;13.999751
OSM 24h, app limitata;FUELPOWER;MISILMERI;PA;;8;node/3196804371;fuelpower;05:30-22:00;24h;OSM 24h, app limitata;05:30-22:00;24h;OSM 24h, app limitata;05:30-22:00;24h;OSM 24h, app limitata;24/7;;38.015661;13.453569
OSM 24h, app limitata;"G.P SRL ENI 29801""Via Lanza Di Scalea n. 2353";PALERMO;PA;;10;node/227893706;Eni;06:00-24:00;24h;OSM 24h, app limitata;06:00-24:00;24h;OSM 24h, app limitata;07:00-24:00;24h;OSM 24h, app limitata;24/7;;38.185043;13.302748
OSM 24h, app limitata;GREEN;CASTEL SAN GIOVANNI;PC;;54;way/940020802;GReen;07:00-19:00;24h;OSM 24h, app limitata;07:00-19:00;24h;OSM 24h, app limitata;chiuso;24h;OSM 24h, app limitata;24/7;;45.08025;9.452018
OSM 24h, app limitata;eni 13265;FONTANIVA;PD;;23;node/229133381;TAP;07:00-12:30/14:30-20:00;24h;OSM 24h, app limitata;07:00-12:30/14:30-20:00;24h;OSM 24h, app limitata;07:00-12:30;24h;OSM 24h, app limitata;24/7;;45.6423;11.74039
OSM 24h, app limitata;13251 MONSELICE;MONSELICE;PD;;13;way/167450513;Eni;07:30-12:30/15:00-19:30;24h;OSM 24h, app limitata;07:30-12:30;24h;OSM 24h, app limitata;chiuso;24h;OSM 24h, app limitata;24/7;;45.207558;11.746327
OSM 24h, app limitata;VEGA MONSELICE VIA VOLTA;MONSELICE;PD;;10;way/130745247;Vega;07:00-12:30/14:30-19:00;24h;OSM 24h, app limitata;07:00-12:30/15:00-19:00;24h;OSM 24h, app limitata;chiuso;24h;OSM 24h, app limitata;24/7;;45.244906;11.759332
OSM 24h, app limitata;DAM CARBURANTI;MONTESILVANO;PE;;5;node/11283157426;Dam Carburanti;06:30-20:00;24h;OSM 24h, app limitata;06:30-20:00;24h;OSM 24h, app limitata;06:30-12:30;24h;OSM 24h, app limitata;24/7;2020-11-27;42.491866;14.173234
OSM 24h, app limitata;ENI;PENNE;PE;;0;node/5851842331;Eni;06:00-12:30/15:00-19:30;24h;OSM 24h, app limitata;06:00-12:30/15:00-19:30;24h;OSM 24h, app limitata;chiuso;24h;OSM 24h, app limitata;24/7;;42.423318;13.929873
OSM 24h, app limitata;DISTRIBUTORE ALA PISA FOSSA DUCARIA;PISA;PI;;9;node/9335246935;Ala;07:30-12:30/15:00-19:00;24h;OSM 24h, app limitata;07:30-12:30;24h;OSM 24h, app limitata;chiuso;24h;OSM 24h, app limitata;24/7;;43.711307;10.379113
OSM 24h, app limitata;BEYFIN;VICOPISANO;PI;;6;node/228082108;Beyfin;07:30-12:30/15:00-19:00;24h;OSM 24h, app limitata;07:30-12:00;24h;OSM 24h, app limitata;chiuso;24h;OSM 24h, app limitata;24/7;;43.703814;10.602456
OSM 24h, app limitata;6101 GABICCE MARE;GABICCE MARE;PU;;17;node/2088546886;Eni;06:00-20:00;24h;OSM 24h, app limitata;06:00-20:00;24h;OSM 24h, app limitata;06:00-20:00;24h;OSM 24h, app limitata;24/7;;43.953705;12.750452
OSM 24h, app limitata;Q8;MARSICO NUOVO;PZ;;17;node/980160235;Eni;07:00-12:30/15:30-19:30;24h;OSM 24h, app limitata;07:00-12:30/15:30-19:30;24h;OSM 24h, app limitata;07:00-12:30/15:30-19:30;24h;OSM 24h, app limitata;24/7;;40.36481;15.78209
OSM 24h, app limitata;ENILIVE Via Emilia Ponente 21;FAENZA;RA;;8;node/228114150;Eni;07:00-21:00;24h;OSM 24h, app limitata;07:00-21:00;24h;OSM 24h, app limitata;07:00-21:00;24h;OSM 24h, app limitata;PH,Mo-Su 00:00-24:00;2025-03-27;44.295212;11.859416
OSM 24h, app limitata;NATALI GINO SRL;RAVENNA;RA;1;45;node/228013509;Metano (Natali Carburanti);06:00-21:00;24h;OSM 24h, app limitata;06:00-21:00;24h;OSM 24h, app limitata;07:00-20:00;24h;OSM 24h, app limitata;24/7;;44.445356;12.210456
OSM 24h, app limitata;eni;RAVENNA;RA;;57;node/5193931926;Eni;07:00-20:00;24h;OSM 24h, app limitata;07:00-20:00;24h;OSM 24h, app limitata;08:00-12:00;24h;OSM 24h, app limitata;24/7;;44.41657;12.233059
OSM 24h, app limitata;S.EUFEMIA OVEST;RUSSI;RA;;7;node/228113961;SarniOil;06:00-22:00;24h;OSM 24h, app limitata;06:00-22:00;24h;OSM 24h, app limitata;06:00-22:00;24h;OSM 24h, app limitata;24/7;;44.401989;12.046923
OSM 24h, app limitata;C.DA BUSITASS115;MODICA;RG;;3;node/10125143678;Enilive;07:00-13:00/15:00-19:00;24h;OSM 24h, app limitata;chiuso;24h;OSM 24h, app limitata;chiuso;24h;OSM 24h, app limitata;24/7;;36.808888;14.818382
OSM 24h, app limitata;S.S. 115 MONACHELLA SUD;RAGUSA;RG;;2;node/3869419252;Enilive;06:00-20:00;24h;OSM 24h, app limitata;07:00-13:00/15:00-20:00;24h;OSM 24h, app limitata;06:30-14:00;24h;OSM 24h, app limitata;24/7;;36.923801;14.669393
OSM 24h, app limitata;FANELLO;VITTORIA;RG;;4;node/1037443840;Lukoil;06:00-12:30/15:15-18:30;24h;OSM 24h, app limitata;08:00-12:00/16:00-18:30;24h;OSM 24h, app limitata;chiuso;24h;OSM 24h, app limitata;24/7;;36.945745;14.498144
OSM 24h, app limitata;BACCANELLO;ROMA;RM;;7;way/570712557;Tiber;06:30-19:00;24h;OSM 24h, app limitata;07:00-19:00;24h;OSM 24h, app limitata;chiuso;24h;OSM 24h, app limitata;Mo-Su 00:00-24:00;;42.06277;12.355606
OSM 24h, app limitata;ENERPETROLI - PV ROMA ROMANINA;ROMA;RM;;12;way/442018177;Enerpetroli;06:30-19:30;24h;OSM 24h, app limitata;06:30-19:30;24h;OSM 24h, app limitata;08:30-13:00;24h;OSM 24h, app limitata;24/7;;41.846938;12.592729
OSM 24h, app limitata;ICM - Via della Storta;ROMA;RM;;7;node/6757962987;ICM;07:30-12:30/15:00-19:00;24h;OSM 24h, app limitata;07:30-12:30;24h;OSM 24h, app limitata;chiuso;24h;OSM 24h, app limitata;24/7;;41.963429;12.363199
OSM 24h, app limitata;Portuense;ROMA;RM;;195;node/382500631;Gica - Ponte Galeria;07:00-19:00;24h;OSM 24h, app limitata;07:00-19:00;24h;OSM 24h, app limitata;chiuso;24h;OSM 24h, app limitata;24/7;;41.810142;12.331517
OSM 24h, app limitata;metano service;MISANO ADRIATICO;RN;;5;node/5340297939;Hera;06:30-20:00;24h;OSM 24h, app limitata;06:30-20:00;24h;OSM 24h, app limitata;06:30-12:30/14:30-20:00;24h;OSM 24h, app limitata;24/7;;43.94494;12.668648
OSM 24h, app limitata;A.F. PETROLI S.P.A.  Ariano Pol.(Ro);ARIANO NEL POLESINE;RO;;5;node/5853344632;AF Petroli;07:00-20:00;24h;OSM 24h, app limitata;07:00-20:00;24h;OSM 24h, app limitata;07:00-13:00/15:00-19:30;24h;OSM 24h, app limitata;24/7;;44.931691;12.227484
OSM 24h, app limitata;34001 SIENA;SIENA;SI;;6;node/12663183438;Eni;07:00-19:00;24h;OSM 24h, app limitata;07:00-19:00;24h;OSM 24h, app limitata;chiuso;24h;OSM 24h, app limitata;24/7;;43.316004;11.305134
OSM 24h, app limitata;SS 114 BAGALI EST PRIOLO;PRIOLO GARGALLO;SR;;8;node/5037673536;Enilive;06:00-21:30;24h;OSM 24h, app limitata;06:00-21:30;24h;OSM 24h, app limitata;06:00-21:30;24h;OSM 24h, app limitata;24/7;;37.172123;15.158956
OSM 24h, app limitata;MV PETROLI - TARGIA;SIRACUSA;SR;;116;node/9683202923;Lukoil;06:00-19:00;24h;OSM 24h, app limitata;06:00-19:00;24h;OSM 24h, app limitata;07:30-12:30;24h;OSM 24h, app limitata;24/7;;37.106227;15.253769
OSM 24h, app limitata;menga petroli;MONTEMESOLA;TA;;5;node/4329200689;Menga Petroli;06:30-13:00/15:00-19:00;24h;OSM 24h, app limitata;06:30-13:00/15:00-19:00;24h;OSM 24h, app limitata;chiuso;24h;OSM 24h, app limitata;24/7;;40.572785;17.334859
OSM 24h, app limitata;Metano Pineto;PINETO;TE;;52;node/10913936661;Metano Pineto;06:30-21:00;24h;OSM 24h, app limitata;06:30-21:00;24h;OSM 24h, app limitata;06:30-21:00;24h;OSM 24h, app limitata;24/7;;42.602505;14.068442
OSM 24h, app limitata;DI.VA. srl;TERAMO;TE;;23;node/12595489298;Eni Metano;06:00-21:00;24h;OSM 24h, app limitata;06:00-21:00;24h;OSM 24h, app limitata;08:00-13:00;24h;OSM 24h, app limitata;24/7;2020-12-18;42.653272;13.714314
OSM 24h, app limitata;PETROL GAMMA S.S. 80;TERAMO;TE;;8;node/12592807251;Eni;07:30-19:00;24h;OSM 24h, app limitata;07:30-19:00;24h;OSM 24h, app limitata;07:30-12:30/15:30-19:00;24h;OSM 24h, app limitata;24/7;;42.694148;13.806105
OSM 24h, app limitata;ENI METANO E GPL RONCEGNO;RONCEGNO TERME;TN;;18;node/221922466;Eni;07:30-12:30/14:00-19:00;24h;OSM 24h, app limitata;07:30-12:30/14:30-18:30;24h;OSM 24h, app limitata;chiuso;24h;OSM 24h, app limitata;24/7;;46.044704;11.422648
OSM 24h, app limitata;3921;PINEROLO;TO;1;7;node/227816761;Tamoil;08:00-12:00/15:00-18:00;24h;OSM 24h, app limitata;08:00-12:00;24h;OSM 24h, app limitata;chiuso;24h;OSM 24h, app limitata;24/7;;44.877219;7.353212
OSM 24h, app limitata;Enercoop Pinerolo;PINEROLO;TO;;5;node/9713281026;Enercoop Pinerolo;07:30-19:30;24h;OSM 24h, app limitata;07:30-19:30;24h;OSM 24h, app limitata;08:00-13:00;24h;OSM 24h, app limitata;24/7;;44.885288;7.353286
OSM 24h, app limitata;6225;TORINO;TO;;14;node/227546289;Tamoil;08:00-12:30/15:00-19:00;24h;OSM 24h, app limitata;08:30-12:30;24h;OSM 24h, app limitata;chiuso;24h;OSM 24h, app limitata;24/7;;45.126171;7.703978
OSM 24h, app limitata;Castelfranco Veneto Azzalini Energie;CASTELFRANCO VENETO;TV;1;10;node/227773674;Azzalini;07:45-12:30/14:45-19:00;24h;OSM 24h, app limitata;07:45-12:30;24h;OSM 24h, app limitata;chiuso;24h;OSM 24h, app limitata;24/7;;45.680025;11.917591
OSM 24h, app limitata;GH&SANS 4;VEDELAGO;TV;;23;way/148094264;Eni;07:00-20:00;24h;OSM 24h, app limitata;07:00-20:00;24h;OSM 24h, app limitata;08:00-13:00;24h;OSM 24h, app limitata;24/7;;45.68684;12.033767
OSM 24h, app limitata;2P UDINE;UDINE;UD;1;10;way/1214886218;2P Carburanti;08:00-12:30/14:30-19:00;24h;OSM 24h, app limitata;08:00-12:30/14:30-19:00;24h;OSM 24h, app limitata;chiuso;24h;OSM 24h, app limitata;24/7;;46.093346;13.23175
OSM 24h, app limitata;KUMAR MOHIT;UDINE;UD;;23;way/905227399;IP;07:00-19:30;24h;OSM 24h, app limitata;07:00-19:30;24h;OSM 24h, app limitata;chiuso;24h;OSM 24h, app limitata;24/7;;46.0336;13.246154
OSM 24h, app limitata;ENI MALPENSA EST;CARDANO AL CAMPO;VA;;5;node/227019765;Area di servizio Malpensa Est;07:30-19:30;24h;OSM 24h, app limitata;07:30-14:30;24h;OSM 24h, app limitata;chiuso;24h;OSM 24h, app limitata;24/7;;45.64593;8.749293
OSM 24h, app limitata;Enercoop Vercelli;VERCELLI;VC;;12;way/971410516;Enercoop;07:30-19:30;24h;OSM 24h, app limitata;08:00-19:30;24h;OSM 24h, app limitata;08:30-13:00;24h;OSM 24h, app limitata;24/7;;45.295123;8.392734
OSM 24h, app limitata;Enercoop Chioggia;CHIOGGIA;VE;;16;node/9767983850;enercoop;07:30-19:30;24h;OSM 24h, app limitata;07:30-19:30;24h;OSM 24h, app limitata;chiuso;24h;OSM 24h, app limitata;24/7;;45.191114;12.277697
OSM 24h, app limitata;GABOGAS 2 Portogruaro;PORTOGRUARO;VE;;47;way/219358169;Gabogas;07:00-20:00;24h;OSM 24h, app limitata;07:00-20:00;24h;OSM 24h, app limitata;07:00-13:00;24h;OSM 24h, app limitata;24/7;;45.788681;12.750698
OSM 24h, app limitata;NOALOIL PV4;SAN DONÀ DI PIAVE;VE;;26;way/1304236149;Noaloil;07:00-12:30/14:30-19:00;24h;OSM 24h, app limitata;07:00-12:30;24h;OSM 24h, app limitata;chiuso;24h;OSM 24h, app limitata;24/7;;45.648482;12.587787
OSM 24h, app limitata;TRIVENGAS;SAN DONÀ DI PIAVE;VE;;35;way/1303966439;Trivengas;07:30-12:30/15:30-19:30;24h;OSM 24h, app limitata;07:30-12:30/15:30-19:30;24h;OSM 24h, app limitata;chiuso;24h;OSM 24h, app limitata;24/7;;45.642079;12.591876
OSM 24h, app limitata;Bianco Altavilla;ALTAVILLA VICENTINA;VI;;29;node/2543309817;Bianco;07:00-13:00/14:00-19:30;24h;OSM 24h, app limitata;07:30-13:00/14:30-19:30;24h;OSM 24h, app limitata;08:00-12:30;24h;OSM 24h, app limitata;24/7;;45.519544;11.476194
OSM 24h, app limitata;Beyfin - A tutto gas;BOLZANO VICENTINO;VI;;2;node/3085263799;Beyfin;07:00-19:00;24h;OSM 24h, app limitata;07:00-19:00;24h;OSM 24h, app limitata;08:00-12:00;24h;OSM 24h, app limitata;24/7;;45.589236;11.63023
OSM 24h, app limitata;eni;LONIGO;VI;;4;node/700774486;Eni;07:30-12:30/14:30-19:00;24h;OSM 24h, app limitata;07:30-12:30;24h;OSM 24h, app limitata;chiuso;24h;OSM 24h, app limitata;24/7;;45.382386;11.379352
OSM 24h, app limitata;OROGAS;LEGNAGO;VR;;7;node/1102678555;Orogas;07:30-12:30/15:00-19:30;24h;OSM 24h, app limitata;07:30-12:30;24h;OSM 24h, app limitata;chiuso;24h;OSM 24h, app limitata;24/7;;45.202121;11.255507
OSM 24h, app limitata;KEROPETROL SPA VALEGGIO SUL MINCIO;VALEGGIO SUL MINCIO;VR;;14;node/5520905014;KEROPETROL;07:30-19:00;24h;OSM 24h, app limitata;07:30-19:00;24h;OSM 24h, app limitata;chiuso;24h;OSM 24h, app limitata;24/7;;45.35633;10.750861
OSM 24h, app limitata;OG Clean Fuels Verona;VERONA;VR;1;3;node/8788696130;Metano;chiuso;24h;OSM 24h, app limitata;chiuso;24h;OSM 24h, app limitata;chiuso;24h;OSM 24h, app limitata;24/7;;45.388855;10.993261
OSM 24h, app limitata;ENERPETROLI - PV SUTRI - VT;SUTRI;VT;;3;way/707250063;Enerpetroli;07:30-12:30/15:00-19:00;24h;OSM 24h, app limitata;07:30-12:30;24h;OSM 24h, app limitata;chiuso;24h;OSM 24h, app limitata;24/7;;42.241958;12.220073
scostamento <=30 min;11421 CASALE MONFERRATO;CASALE MONFERRATO;AL;;32;way/468787588;Eni;07:15-12:00/14:15-18:45;07:15-12:15/14:15-19:00;scostamento <=30 min;chiuso;chiuso;uguale;chiuso;chiuso;uguale;Mo-Fr 07:15-12:15,14:15-19:00;;45.129555;8.47555
scostamento <=30 min;ENI 11455;CASALE MONFERRATO;AL;;18;way/181353822;Eni;07:30-12:15/14:30-19:00;07:00-12:00/14:30-19:00;scostamento <=30 min;08:00-13:00;08:00-13:00;uguale;chiuso;chiuso;uguale;"Mo-Fr 07:00-12:00, 14:30-19:00; Sa 08:00-13:00; Su off";;45.162602;8.46034
scostamento <=30 min;Della Porta Massimo e c s.n.c;PIANORO;BO;;8;node/227720726;Q8;07:00-13:00/14:30-19:00;07:00-12:30/15:00-19:00;scostamento <=30 min;07:30-12:30;07:30-12:30;uguale;chiuso;chiuso;uguale;"Mo-Fr 07:00-12:30,15:00-19:00; Sa 07:30-12:30";;44.440347;11.352493
scostamento <=30 min;REL;SAN LAZZARO DI SAVENA;BO;;33;node/227720916;REL;07:00-18:55;07:00-19:00;scostamento <=30 min;07:00-18:55;07:00-19:00;scostamento <=30 min;chiuso;chiuso;uguale;Mo-Sa 07:00-19:00;;44.470033;11.418759
scostamento <=30 min;New Energy Colle D'Anchise;COLLE D'ANCHISE;CB;;19;node/228075558;New Energy;06:00-20:45;06:00-20:30;scostamento <=30 min;06:00-20:45;06:00-20:30;scostamento <=30 min;07:00-20:00;07:00-20:00;uguale;"Mo-Sa 06:00-20:30; Su 07:00-20:00";;41.490266;14.536141
scostamento <=30 min;CERIGNOLA FUEL;CERIGNOLA;FG;;42;node/1016366922;;06:00-20:00;06:30-20:30;scostamento <=30 min;06:00-20:00;06:30-20:30;scostamento <=30 min;06:00-13:00/16:00-20:00;06:30-13:00/15:30-20:30;scostamento <=30 min;"Mo-Sa 06:30-20:30; Su 06:30-13:00,15:30-20:30";;41.258162;15.927558
scostamento <=30 min;fermata belvedere;MOMO;NO;;16;way/891256123;Eni;07:30-12:00/14:30-19:00;07:30-12:30/14:30-18:30;scostamento <=30 min;07:30-12:00/14:30-19:00;07:30-12:30/14:30-18:30;scostamento <=30 min;chiuso;chiuso;uguale;Mo-Sa 07:30-12:30,14:30-18:30;;45.554373;8.567601
scostamento <=30 min;ENI;CAMPO SAN MARTINO;PD;;61;way/74167905;Agip Eni;07:30-12:30/15:00-19:00;07:30-12:30/15:00-19:30;scostamento <=30 min;07:30-12:30/15:00-19:00;07:30-12:30/15:00-19:30;scostamento <=30 min;chiuso;chiuso;uguale;Mo-Sa 07:30-12:30,15:00-19:30;;45.553164;11.817346
scostamento <=30 min;PERUGIA CENTOVA 1;PERUGIA;PG;1;4;node/228083877;Metano Sensi;06:00-20:00;06:00-20:30;scostamento <=30 min;06:00-20:00;06:00-20:30;scostamento <=30 min;07:00-13:00;07:00-13:00;uguale;"Mo-Sa 06:00-20:30; Su 07:00-13:00";;43.092359;12.357343
scostamento <=30 min;Stazione Metano;FAENZA;RA;;2;node/1895311721;Metano;07:00-21:50;07:00-21:45;scostamento <=30 min;07:00-21:50;07:00-21:45;scostamento <=30 min;07:00-21:50;07:00-21:45;scostamento <=30 min;Mo-Su 07:00-21:45;;44.296178;11.858489
scostamento <=30 min;FGD SRL;REGGIO NELL'EMILIA;RE;;17;way/142492248;;06:30-20:30;06:30-21:00;scostamento <=30 min;06:30-20:30;06:30-21:00;scostamento <=30 min;06:30-20:30;06:30-21:00;scostamento <=30 min;Mo-Su 06:30-21:00;;44.683156;10.666267
scostamento <=30 min;A.F. PETROLI S.P.A. - OCCHIOBELLO;OCCHIOBELLO;RO;;13;node/5110846621;AF Petroli;07:00-20:30;07:00-20:00;scostamento <=30 min;07:00-20:30;07:00-20:00;scostamento <=30 min;chiuso;chiuso;uguale;Mo-Sa 07:00-20:00;;44.911039;11.602987
scostamento <=30 min;F.LLI FERRAZZO;PORTOGRUARO;VE;;61;node/228105487;Metano;07:30-12:15/14:30-19:30;07:30-12:15/14:00-19:00;scostamento <=30 min;07:30-12:15/14:30-19:30;07:30-12:15/14:00-19:00;scostamento <=30 min;chiuso;chiuso;uguale;Mo-Sa 07:30-12:15, 14:00-19:00;;45.775438;12.879675
scostamento <=30 min;GNP PIANEZZE;PIANEZZE;VI;;11;way/837388805;GNP Pianezze;07:00-12:30/15:00-19:00;07:30-12:30/15:00-19:00;scostamento <=30 min;07:00-12:30/15:00-18:00;07:30-12:30/15:00-18:00;scostamento <=30 min;chiuso;chiuso;uguale;"Mo-Fr 07:30-12:30,15:00-19:00; Sa 07:30-12:30,15:00-18:00";;45.719575;11.650149
non confrontabile;CAMERANO VIA FARFISA;CAMERANO;AN;;3;node/227539738;Q8;?;24h;non confrontabile;?;24h;non confrontabile;?;24h;non confrontabile;24/7;;43.51912;13.528832
non confrontabile;25554 – Bologna Bazzanese;BOLOGNA;BO;;11;node/227938902;Eni;06:30-12:30/14:30-19:00;?;non confrontabile;chiuso;?;non confrontabile;chiuso;?;non confrontabile;"Mo-Sa 06:30-12:30, 14:30-19:00; Su, PH off";;44.492107;11.260747
non confrontabile;natali- malalbergo;MALALBERGO;BO;1;3;node/1637493656;;?;24h;non confrontabile;?;24h;non confrontabile;?;24h;non confrontabile;24/7;;44.634819;11.464068
non confrontabile;MASTROPIETRO CELESTE - PV. ENI 09296;CERIGNOLA;FG;;24;node/238325379;Agip Eni;06:00-19:30;?;non confrontabile;06:00-19:30;?;non confrontabile;06:00-13:00;?;non confrontabile;Mo-Su 05:30-22:00, Su 06:00-13:00;;41.319266;15.90049
non confrontabile;FUCECCHIO;FUCECCHIO;FI;;25;node/227731123;Tamoil;07:00-12:30/14:30-19:00;?;non confrontabile;07:00-12:30;?;non confrontabile;chiuso;?;non confrontabile;Mo-Sa 07:30-12:30, Mo-Fr 15:00-19:00;;43.708611;10.821283
non confrontabile;Renis Gas srl;COPERTINO;LE;;11;way/218452586;Renis Gas;06:00-22:00;?;non confrontabile;06:00-22:00;?;non confrontabile;07:30-13:00/16:00-21:00;?;non confrontabile;Mo-Sa 06:00-22:00, Su 07:00-13:00, Su 15:00-22:00;;40.281752;18.043609
non confrontabile;38019  Matino;MATINO;LE;;29;way/711288879;Tomaenergy;?;24h;non confrontabile;?;24h;non confrontabile;?;24h;non confrontabile;24/7;;40.0363;18.15657
non confrontabile;Easy Service - Monteroni;MONTERONI DI LECCE;LE;;15;way/513538063;Q8;07:00-21:00;?;non confrontabile;07:00-21:00;?;non confrontabile;07:00-12:00/15:00-20:00;?;non confrontabile;"Mo-Sa 07:00-21:00; Su, PH 07:00-12:00, 15:00-20:00";;40.330135;18.088198
non confrontabile;Acinque;MONZA;MB;;18;way/356036801;Metanauto Acinque;07:00-13:00/13:30-19:00;?;non confrontabile;08:00-13:00/13:30-19:00;?;non confrontabile;08:00-13:00;?;non confrontabile;"Mo-Fr 07:30-13:00-13:30-19:00; Sa 08:00-13:00, 13:30-19:00; Su 08:00-13:00 ""Solo CNG e LNG - benzia, diesel, AdBlue e ricarica elettrica sono self service""";;45.580225;9.30904
non confrontabile;Mas;SETTIMO MILANESE;MI;;6;node/292832485;Distributore (solo metano);07:00-16:00;?;non confrontabile;07:00-16:00;?;non confrontabile;chiuso;?;non confrontabile;Mo-Sa 07:00-16:00, Su-PH off;;45.487837;9.04253
non confrontabile;DEPA S.R.L.;BERNALDA;MT;;9;way/1230382100;IP;?;24h;non confrontabile;?;24h;non confrontabile;?;24h;non confrontabile;24/7;;40.380881;16.783382
non confrontabile;Sman di Fizzotti e C. snc Metano per Auto;NOVARA;NO;;24;node/227806996;Metano;07:00-19:15;?;non confrontabile;07:00-19:15;?;non confrontabile;08:00-12:00;?;non confrontabile;"Mo-Fr 07:30-12:30, 14:30-19:00; Sa 08:00-18:00; Su, PH 08:00-12:00";;45.443132;8.659096
non confrontabile;A.F. PETROLI S.P.A.  Bagnoli di Sopra (Pd);BAGNOLI DI SOPRA;PD;;8;node/228187697;Af Petroli;07:30-12:30/14:30-19:00;?;non confrontabile;07:30-12:30;?;non confrontabile;chiuso;?;non confrontabile;"Mo-Sa 07:30-12:30, 15:00-19:00; Su 24";;45.192088;11.885818
non confrontabile;ENI PONTEDERA NORD;PONTEDERA;PI;;25;node/228191305;Eni;07:00-19:30;?;non confrontabile;07:00-19:30;?;non confrontabile;07:00-13:00;?;non confrontabile;"Oct - Apr 07:00-12:30,15:30-19:00; 24/7 ""Self Service""";;43.634584;10.588889
non confrontabile;VEGA - SPILIMBERGO;SPILIMBERGO;PN;;15;node/5392913721;Repsol;07:30-13:00/14:00-19:00;?;non confrontabile;07:30-13:00/14:00-19:00;?;non confrontabile;chiuso;?;non confrontabile;unknown;;46.09882;12.85391
non confrontabile;LEONE/TAMOIL - Fano loc. Bellocchi;FANO;PU;;20;node/4273356824;Tamoil;06:30-20:00;?;non confrontabile;06:30-20:00;?;non confrontabile;07:00-19:00;?;non confrontabile;Mo-Fr 07:00-19:00, Sa 07:00-12:30, Su closed;;43.794294;13.004036
non confrontabile;METANO PER AUTO C.M.G.;MORTARA;PV;;7;node/227984124;Metano;07:30-19:30;?;non confrontabile;07:30-19:30;?;non confrontabile;08:30-12:30;?;non confrontabile;"Mo-Sa 07:30-19:30; Su,PH 08:30-12:30; Jul-Aug: Mo-Sa 07:30-12:30,14:00-19:30; Su,PH 08:30-12:30";;45.244575;8.731003
non confrontabile;Q8;ROSETO DEGLI ABRUZZI;TE;1;24;node/5801524489;Q8;07:00-13:00/15:00-19:00;?;non confrontabile;07:00-13:00;?;non confrontabile;chiuso;?;non confrontabile;"Mo-Sa 06:30-21:30; PH, Su off";2023-05-20;42.64954;13.9757
non confrontabile;TERAMO;TERAMO;TE;;24;node/3608894611;Metano Puglia di Cardinali Mauro;06:30-21:00;?;non confrontabile;06:30-21:00;?;non confrontabile;06:30-21:00;?;non confrontabile;"Mo-Su 06:30-21:00 ""SUPERFESTIVI 06:30-12:30""";;42.688226;13.776235
non confrontabile;DELTA ENERGY SRL - TRENTO NORD;TRENTO;TN;;19;node/7155724999;Delta Energy;24h;?;non confrontabile;00:00-21:00;?;non confrontabile;07:00-21:00;?;non confrontabile;"Mo-Th 06:00-21:30; Fr 06:00-22:00; Sa, Su 07:00-21:00";;46.116292;11.089491
non confrontabile;BC CHIOGGIA 2;CHIOGGIA;VE;;86;node/1555791704;BC;?;07:00-19:30;non confrontabile;?;07:00-19:30;non confrontabile;?;07:00-19:30;non confrontabile;Mo-Su 07:00-19:30;;45.177938;12.276728
non confrontabile;TAMOIL TM06987;SAN STINO DI LIVENZA;VE;;15;way/1225060539;Esso;?;24h;non confrontabile;?;24h;non confrontabile;?;24h;non confrontabile;24/7;;45.722366;12.701925
uguale;ESINO EST;FALCONARA MARITTIMA;AN;;68;node/1151911425;Eni;24h;24h;uguale;24h;24h;uguale;24h;24h;uguale;24/7;;43.627772;13.335072
uguale;OSIMO;OSIMO;AN;;23;node/3915953707;Metano Osimo Stazione;06:30-21:00;06:30-21:00;uguale;06:30-21:00;06:30-21:00;uguale;07:00-13:00;07:00-13:00;uguale;"Mo-Sa 06:30-21:00; Su,PH 07:00-13:00";;43.499962;13.535809
uguale;Arezzo - Setteponti;AREZZO;AR;;15;node/228210528;Beyfin;24h;24h;uguale;24h;24h;uguale;24h;24h;uguale;24/7;2025-08-12;43.477209;11.868379
uguale;IP 31;BARI;BA;;21;way/1434030486;Dill's;24h;24h;uguale;24h;24h;uguale;24h;24h;uguale;24/7;;41.089512;16.862908
uguale;Sud Italia Gas srl;BARI;BA;;12;node/229140531;Esso;24h;24h;uguale;24h;24h;uguale;24h;24h;uguale;24/7;;41.123888;16.829099
uguale;vaccarella;SAN SALVATORE TELESINO;BN;;3;node/3710915624;Vaccarella;24h;24h;uguale;24h;24h;uguale;24h;24h;uguale;24/7;;41.22874;14.494593
uguale;CASTEL MAGGIORE VIA GALLIERA;CASTEL MAGGIORE;BO;;51;node/229139877;Metano;06:30-20:30;06:30-20:30;uguale;06:30-20:30;06:30-20:30;uguale;chiuso;chiuso;uguale;Mo-Sa 06:30-20:30;;44.567816;11.360314
uguale;IMOLA VIA SELICE 213/A;IMOLA;BO;;23;way/1354421347;Q8;07:00-20:00;07:00-20:00;uguale;07:00-20:00;07:00-20:00;uguale;chiuso;chiuso;uguale;Mo-Sa 07:00-20:00;2025-11-01;44.362427;11.724832
uguale;MASCAGNI ENERGY S.R.L.;SASSO MARCONI;BO;;3;node/228039737;Mascagni Energy;06:00-22:00;06:00-22:00;uguale;06:00-22:00;06:00-22:00;uguale;06:00-22:00;06:00-22:00;uguale;Mo-Su 06:00-22:00;;44.381251;11.234068
uguale;S.NICOLA EST;SAN NICOLA LA STRADA;CE;;9;node/5094304137;Eni;24h;24h;uguale;24h;24h;uguale;24h;24h;uguale;24/7;;41.050147;14.322658
uguale;DISTRIBUTORI ECOS SRL VALLE DI MADDALONI;VALLE DI MADDALONI;CE;;32;node/5853344156;Ecos;24h;24h;uguale;24h;24h;uguale;24h;24h;uguale;24/7;;41.068466;14.414254
uguale;PORTOBELLO AREA DI SERVIZIO;ROCCA SAN GIOVANNI;CH;;12;node/12215557576;Portobello;06:00-22:00;06:00-22:00;uguale;06:00-22:00;06:00-22:00;uguale;06:00-22:00;06:00-22:00;uguale;Mo-Su 06:00-22:00;2024-08-07;42.259808;14.430518
uguale;STAZIONE DI SERVIZIO BIDENTE DI ZANNONI SRL;FORLÌ;FC;;40;node/3708432953;METANO;07:30-12:30/15:00-19:00;07:30-12:30/15:00-19:00;uguale;07:30-12:30;07:30-12:30;uguale;chiuso;chiuso;uguale;"Mo-Fr 07:30-12:30,15:00-19:00; Sa 07:30-12:30";;44.164905;12.074587
uguale;METANO ROMEA s.r.l.s.;COMACCHIO;FE;;0;node/5851832245;;08:00-13:00/14:30-19:30;08:00-13:00/14:30-19:30;uguale;08:00-13:00/14:30-19:30;08:00-13:00/14:30-19:30;uguale;08:00-13:00/14:30-19:30;08:00-13:00/14:30-19:30;uguale;Mo-Su 08:00-13:00,14:30-19:30;;44.711665;12.220536
uguale;PO EST;FERRARA;FE;;6;node/1784312564;Erg;24h;24h;uguale;24h;24h;uguale;24h;24h;uguale;24/7;;44.880119;11.570833
uguale;PO OVEST;FERRARA;FE;;11;node/227886502;Api-Ip;24h;24h;uguale;24h;24h;uguale;24h;24h;uguale;24/7;;44.878889;11.569385
uguale;CPM Barberino;BARBERINO DI MUGELLO;FI;;0;node/5853343413;CPM;24h;24h;uguale;24h;24h;uguale;24h;24h;uguale;24/7;2023-08-06;43.989216;11.228011
uguale;S.I.M srl Pietramala;FIRENZUOLA;FI;;1;node/5663370422;metano;15:00-19:00;15:00-19:00;uguale;15:00-19:00;15:00-19:00;uguale;15:00-19:00;15:00-19:00;uguale;Mo-Su 15:00-19:00;;44.163292;11.331768
uguale;EASY SERVICE SPIGNO S.;SPIGNO SATURNIA;LT;;71;way/349806560;New Energy;24h;24h;uguale;24h;24h;uguale;24h;24h;uguale;24/7;;41.30983;13.73755
uguale;Metangas Bovisio Masciago;BOVISIO-MASCIAGO;MB;;10;way/624199621;Metan Gas;06:00-20:00;06:00-20:00;uguale;06:00-20:00;06:00-20:00;uguale;07:00-20:00;07:00-20:00;uguale;"Mo-Sa 06:00-20:00; Su 07:00-20:00";;45.614438;9.164104
uguale;BRIANZA SUD;CAPONAGO;MB;;20;node/227004059;Eni;24h;24h;uguale;24h;24h;uguale;24h;24h;uguale;24/7;;45.574417;9.394437
uguale;EKOPOINT;GARBAGNATE MILANESE;MI;;81;node/5853344313;EKO Point;07:00-20:00;07:00-20:00;uguale;08:00-20:00;08:00-20:00;uguale;08:00-20:00;08:00-20:00;uguale;"Mo-Fr 07:00-20:00; Sa,Su 08:00-20:00";;45.578884;9.057773
uguale;VILLORESI EST;LAINATE;MI;;101;node/10753104281;Q8 Villoresi Est;24h;24h;uguale;24h;24h;uguale;24h;24h;uguale;24/7;;45.55997;9.039123
uguale;Eni Station PV 12416;PADERNO DUGNANO;MI;;22;node/226937569;Eni;06:00-19:00;06:00-19:00;uguale;07:00-17:00;07:00-17:00;uguale;chiuso;chiuso;uguale;"Mo-Fr 06:00-19:00; Sa 07:00-17:00";2026-05-21;45.559944;9.17343
uguale;S.ZENONE EST;SAN ZENONE AL LAMBRO;MI;;11;node/228062067;Q8;24h;24h;uguale;24h;24h;uguale;24h;24h;uguale;24/7;;45.322377;9.375913
uguale;S.ZENONE OVEST;SAN ZENONE AL LAMBRO;MI;;61;node/227004781;Q8;24h;24h;uguale;24h;24h;uguale;24h;24h;uguale;24/7;;45.321004;9.376063
uguale;CAMPOGALLIANO EST;CAMPOGALLIANO;MO;;7;node/227577469;Eni;24h;24h;uguale;24h;24h;uguale;24h;24h;uguale;24/7;;44.70428;10.849062
uguale;CAMPOGALLIANO OVEST;CAMPOGALLIANO;MO;;23;node/227583605;Agip Eni;24h;24h;uguale;24h;24h;uguale;24h;24h;uguale;24/7;;44.70279;10.847896
uguale;COIL MODENA;MODENA;MO;;10;node/227759666;Coil;07:30-12:30/15:00-19:00;07:30-12:30/15:00-19:00;uguale;07:30-12:30;07:30-12:30;uguale;chiuso;chiuso;uguale;"Mo-Fr 07:30-12:30, 15:00-19:00; Sa 07:30-12:30";;44.65685;10.88177
uguale;EMME PETROLI;NOLA;NA;;0;node/5851835069;Emme Petroli;24h;24h;uguale;24h;24h;uguale;24h;24h;uguale;24/7;;40.913531;14.526732
uguale;S.PELAGIO OVEST;DUE CARRARE;PD;;8;node/227024032;Eni;24h;24h;uguale;24h;24h;uguale;24h;24h;uguale;24/7;;45.315777;11.825742
uguale;LIMENELLA NORD;LIMENA;PD;;34;node/227901715;Q8;24h;24h;uguale;24h;24h;uguale;24h;24h;uguale;24/7;;45.449214;11.845552
uguale;ml carburanti;CITTÀ DELLA PIEVE;PG;;14;node/6451312785;ML Carburanti;07:00-13:00/14:30-20:00;07:00-13:00/14:30-20:00;uguale;07:00-13:00/14:30-20:00;07:00-13:00/14:30-20:00;uguale;chiuso;chiuso;uguale;"Mo-Sa 07:00-13:00, 14:30-20:00; Su,PH off";;43.002116;11.970958
uguale;ELLERA - IP 24 ORE;CORCIANO;PG;;14;node/5091673901;Automigliorgas - Gpl - Metano;24h;24h;uguale;24h;24h;uguale;24h;24h;uguale;24/7;;43.100949;12.310549
uguale;BM AUTO SRLS;PARMA;PR;;11;node/5851832243;Metano;07:00-20:00;07:00-20:00;uguale;07:00-20:00;07:00-20:00;uguale;07:00-20:00;07:00-20:00;uguale;Mo-Su 07:00-20:00;;44.729782;10.380642
uguale;S.MARTINO EST;PARMA;PR;;26;node/2631006372;Agip;24h;24h;uguale;24h;24h;uguale;24h;24h;uguale;24/7;;44.827767;10.378311
uguale;S.MARTINO OVEST;PARMA;PR;;12;node/227604643;Eni;24h;24h;uguale;24h;24h;uguale;24h;24h;uguale;24/7;;44.825945;10.37959
uguale;GEP CELLI GIULIANO SRL PV Cattolica;CATTOLICA;RN;1;6;node/2288366867;CEP;07:00-20:00;07:00-20:00;uguale;07:00-20:00;07:00-20:00;uguale;07:00-20:00;07:00-20:00;uguale;07:00-20:00;;43.952562;12.731498
uguale;SANT'ERMETE CPB ENERGIA ITALIANA;SANTARCANGELO DI ROMAGNA;RN;;7;node/4495474351;Cpb Energia Italiana;07:00-13:00/15:00-19:30;07:00-13:00/15:00-19:30;uguale;07:00-13:00/15:00-19:30;07:00-13:00/15:00-19:30;uguale;chiuso;chiuso;uguale;Mo-Sa 07:00-13:00,15:00-19:30;;44.028154;12.460723
uguale;Metano San Marco;ROVIGO;RO;;47;node/228103232;Metano;07:00-20:00;07:00-20:00;uguale;07:00-20:00;07:00-20:00;uguale;07:00-13:00;07:00-13:00;uguale;"Mo-Sa 07:00-20:00; Su 07:00-13:00; PH 07:00-12:30";;45.092949;11.827548
uguale;FULL PETROL METANO;BATTIPAGLIA;SA;;14;node/10267174763;Metano;06:00-22:00;06:00-22:00;uguale;06:00-22:00;06:00-22:00;uguale;06:00-22:00;06:00-22:00;uguale;Mo-Su 06:00-22:00;;40.606902;14.967638
uguale;FULL PETROL METANO;EBOLI;SA;;2;node/2557335420;Metano;06:00-22:00;06:00-22:00;uguale;06:00-22:00;06:00-22:00;uguale;06:00-22:00;06:00-22:00;uguale;06:00-22:00;;40.588107;15.003322
uguale;ECOFUEL - GIULIANOVA;GIULIANOVA;TE;;34;node/2868807519;Eco Fuel;06:30-21:00;06:30-21:00;uguale;06:30-21:00;06:30-21:00;uguale;06:30-21:00;06:30-21:00;uguale;Mo-Su 06:30-21:00;;42.729936;13.950801
uguale;NOGAREDO EST;NOGAREDO;TN;;2;node/5148917799;Q8;24h;24h;uguale;24h;24h;uguale;24h;24h;uguale;24/7;;45.902554;11.027641
uguale;NOGAREDO OVEST;NOGAREDO;TN;;9;node/11405276871;Q8;24h;24h;uguale;24h;24h;uguale;24h;24h;uguale;24/7;;45.902327;11.026323
uguale;metano rovereto;ROVERETO;TN;;11;way/68279910;Metano;07:00-21:00;07:00-21:00;uguale;07:00-21:00;07:00-21:00;uguale;07:00-21:00;07:00-21:00;uguale;Mo-Su 07:00-21:00;;45.864328;11.013732
uguale;ENI TRENTO INTERPORTO;TRENTO;TN;;8;node/221915633;ENI;07:30-19:00;07:30-19:00;uguale;07:30-19:00;07:30-19:00;uguale;chiuso;chiuso;uguale;Mo-Sa 07:30-19:00;;46.0959;11.0975
uguale;DISTRIBUTORE COSTANTIN GRUGLIASCO- LA LAMBRETTA S.A.S. DI VITTO MARCO & C.;GRUGLIASCO;TO;;7;way/833110085;Costantin;07:30-19:00;07:30-19:00;uguale;07:30-12:30;07:30-12:30;uguale;chiuso;chiuso;uguale;"Mo-Fr 07:30-19:00; Sa 07:30-12:30";;45.056944;7.590918
uguale;NICHELINO NORD;NICHELINO;TO;;2;node/226995049;Eni;05:00-20:45;05:00-20:45;uguale;05:00-20:45;05:00-20:45;uguale;05:00-20:45;05:00-20:45;uguale;Mo-Su 05:00-20:45;;44.975857;7.657642
uguale;NICHELINO SUD;NICHELINO;TO;1;15;node/226995046;Eni;07:00-20:00;07:00-20:00;uguale;07:00-20:00;07:00-20:00;uguale;06:00-21:00;06:00-21:00;uguale;"Mo-Sa 07:00-20:00; Su 06:00-21:00";;44.981265;7.645269
uguale;RIVOLI - SP 175 DEL DOJRONE KM 4;RIVOLI;TO;;91;way/564348446;Q8 Easy;07:00-19:00;07:00-19:00;uguale;07:00-19:00;07:00-19:00;uguale;chiuso;chiuso;uguale;Mo-Sa 07:00-19:00;;45.047343;7.563552
uguale;SPEM;TORINO;TO;;5;way/652535306;Metano;07:00-20:50;07:00-20:50;uguale;07:00-20:50;07:00-20:50;uguale;07:00-12:50;07:00-12:50;uguale;"Mo-Sa 07:00-20:50; Su 07:00-12:50";;45.101903;7.70382
uguale;sima s.a.s.;TORINO;TO;;114;node/226994751;Agip;07:30-12:30/15:00-19:15;07:30-12:30/15:00-19:15;uguale;07:30-12:30;07:30-12:30;uguale;chiuso;chiuso;uguale;"Mo-Fr 07:30-12:30,15:00-19:15; Sa 07:30-12:30";;45.016233;7.613048
uguale;METANAUTO CASTELNUOVO SRL;CASTELNUOVO DEL GARDA;VR;;72;node/227901170;Metano;06:30-20:30;06:30-20:30;uguale;06:30-20:30;06:30-20:30;uguale;06:30-20:30;06:30-20:30;uguale;Mo-Su 06:30-20:30;;45.442797;10.78164
uguale;DB FUEL - San Martino Buon Albergo;SAN MARTINO BUON ALBERGO;VR;;8;node/3632170122;Eni;07:00-20:00;07:00-20:00;uguale;07:00-20:00;07:00-20:00;uguale;07:00-13:00;07:00-13:00;uguale;"Mo-Sa 07:00-20:00; Su 07:00-13:00";;45.419303;11.076598
uguale;METANAUTO NAS;SAN PIETRO IN CARIANO;VR;;19;way/128809730;Metano;07:00-20:00;07:00-20:00;uguale;07:00-20:00;07:00-20:00;uguale;07:00-13:00;07:00-13:00;uguale;"Mo-Sa 07:00-20:00; PH,Su 07:00-13:00";;45.482321;10.932776
uguale;DBF Via Legnago;VERONA;VR;1;17;node/6155772007;DB Fuel;07:00-19:00;07:00-19:00;uguale;07:00-19:00;07:00-19:00;uguale;07:00-13:00;07:00-13:00;uguale;"Mo-Sa 07:00-19:00; Su 07:00-13:00";;45.403274;11.005762
uguale;Metanauto Bassone srl;VERONA;VR;;3;node/228109189;Metanauto Bassone;07:00-20:00;07:00-20:00;uguale;07:00-20:00;07:00-20:00;uguale;07:00-20:00;07:00-20:00;uguale;Mo-Su 07:00-20:00;;45.447923;10.896367
